{"cameraMode":{"drawMode":0,"name":"Shaded","section":"Shading Mode"},"sceneLighting":false,"audioPlay":false,"sceneViewState":{"showFog":true,"showMaterialUpdate":false,"showSkybox":true,"showFlares":true,"showImageEffects":true,"showParticleSystems":true},"in2DMode":false,"pivot":{"x":6.409999847412109,"y":1.8895275592803956,"z":0.37665855884552},"rotation":{"x":-0.054412126541137698,"y":0.9455230832099915,"z":-0.22119861841201783,"w":-0.23258686065673829},"size":5.365586280822754,"orthographic":false}