{"cameraMode":{"drawMode":0,"name":"Shaded","section":"Shading Mode"},"sceneLighting":false,"audioPlay":false,"sceneViewState":{"showFog":true,"showMaterialUpdate":false,"showSkybox":true,"showFlares":true,"showImageEffects":true,"showParticleSystems":true},"in2DMode":false,"pivot":{"x":1.3224924802780152,"y":-1.5871632099151612,"z":0.6206743717193604},"rotation":{"x":-0.10100892186164856,"y":0.8891528844833374,"z":-0.23778153955936433,"w":-0.37770938873291018},"size":8.475205421447754,"orthographic":false}