{"cameraMode":{"drawMode":0,"name":"Shaded","section":"Shading Mode"},"sceneLighting":true,"audioPlay":false,"sceneViewState":{"showFog":false,"showMaterialUpdate":false,"showSkybox":false,"showFlares":false,"showImageEffects":false,"showParticleSystems":false},"in2DMode":false,"pivot":{"x":-45.41059112548828,"y":1.1478862762451172,"z":-38.44559860229492},"rotation":{"x":0.05910354107618332,"y":-0.9363836646080017,"z":0.2874329090118408,"w":0.19254811108112336},"size":21.53403663635254,"orthographic":false}