{"cameraMode":{"drawMode":0,"name":"Shaded","section":"Shading Mode"},"sceneLighting":false,"audioPlay":false,"sceneViewState":{"showFog":true,"showMaterialUpdate":false,"showSkybox":true,"showFlares":true,"showImageEffects":true,"showParticleSystems":true},"in2DMode":false,"pivot":{"x":7.152557373046875e-7,"y":2.6990432739257814,"z":0.0},"rotation":{"x":-0.005416319239884615,"y":0.9788522124290466,"z":-0.20281940698623658,"w":-0.02614019811153412},"size":16.208023071289064,"orthographic":false}