{"cameraMode":{"drawMode":0,"name":"Shaded","section":"Shading Mode"},"sceneLighting":false,"audioPlay":false,"sceneViewState":{"showFog":true,"showMaterialUpdate":false,"showSkybox":true,"showFlares":true,"showImageEffects":true,"showParticleSystems":true},"in2DMode":false,"pivot":{"x":14.56845474243164,"y":10.535486221313477,"z":8.461405754089356},"rotation":{"x":-0.20362134277820588,"y":0.7709743976593018,"z":-0.29975107312202456,"w":-0.5237234234809876},"size":22.0,"orthographic":false}