{"cameraMode":{"drawMode":0,"name":"Shaded","section":"Shading Mode"},"sceneLighting":false,"audioPlay":false,"sceneViewState":{"showFog":true,"showMaterialUpdate":false,"showSkybox":true,"showFlares":true,"showImageEffects":true,"showParticleSystems":true},"in2DMode":false,"pivot":{"x":3.9115028381347658,"y":0.8621467351913452,"z":-1.6956781148910523},"rotation":{"x":-0.054412126541137698,"y":0.9455230832099915,"z":-0.22119861841201783,"w":-0.23258686065673829},"size":4.85764741897583,"orthographic":false}